timestamp,cash,position_value,total_value,daily_return
2020-10-20 04:00:00+00:00,100000.0,0.0,100000.0,0.0
2020-10-21 04:00:00+00:00,100000.0,0.0,100000.0,0.0
2020-10-22 04:00:00+00:00,100000.0,0.0,100000.0,0.0
2020-10-23 04:00:00+00:00,100000.0,0.0,100000.0,0.0
2020-10-26 04:00:00+00:00,100000.0,0.0,100000.0,0.0
2020-10-27 04:00:00+00:00,100000.0,0.0,100000.0,0.0
2020-10-28 04:00:00+00:00,100000.0,0.0,100000.0,0.0
2020-10-29 04:00:00+00:00,100000.0,0.0,100000.0,0.0
2020-10-30 04:00:00+00:00,100000.0,0.0,100000.0,0.0
2020-11-02 05:00:00+00:00,100000.0,0.0,100000.0,0.0
2020-11-03 05:00:00+00:00,100000.0,0.0,100000.0,0.0
2020-11-04 05:00:00+00:00,100000.0,0.0,100000.0,0.0
2020-11-05 05:00:00+00:00,100000.0,0.0,100000.0,0.0
2020-11-06 05:00:00+00:00,100000.0,0.0,100000.0,0.0
2020-11-09 05:00:00+00:00,100000.0,0.0,100000.0,0.0
2020-11-10 05:00:00+00:00,100000.0,0.0,100000.0,0.0
2020-11-11 05:00:00+00:00,100000.0,0.0,100000.0,0.0
2020-11-12 05:00:00+00:00,100000.0,0.0,100000.0,0.0
2020-11-13 05:00:00+00:00,100000.0,0.0,100000.0,0.0
2020-11-16 05:00:00+00:00,100000.0,0.0,100000.0,0.0
2020-11-17 05:00:00+00:00,39721.3715672537,59893.79189130515,99615.16345855885,-0.003848365414411528
2020-11-18 05:00:00+00:00,15777.837256744182,82781.47971847582,98559.31697522,-0.01059925463835722
2020-11-19 05:00:00+00:00,5953.761464408466,93000.49842712189,98954.25989153035,0.004007159631693126
2020-11-20 05:00:00+00:00,2246.611072590677,95710.07065385366,97956.68172644434,-0.010081204853429454
2020-11-23 05:00:00+00:00,847.7045170980572,97835.08848325975,98682.79300035781,0.007412575243628827
2020-11-24 05:00:00+00:00,319.8220887726588,100109.98949916963,100429.8115879423,0.01770337598347218
2020-11-25 05:00:00+00:00,120.62375272898328,100115.77257317203,100236.396325901,-0.0019258749865514529
2020-11-27 05:00:00+00:00,3312.9816200499235,97060.27302174282,100373.25464179274,0.00136535550865936
2020-11-30 05:00:00+00:00,1315.9034577045807,98309.0444929382,99624.94795064279,-0.007455239882580965
2020-12-01 05:00:00+00:00,522.6354165407841,100275.39002804765,100798.02544458843,0.011774937082294126
2020-12-02 05:00:00+00:00,187.29328797423648,101431.72349613486,101619.01678410909,0.008144914901849695
2020-12-03 05:00:00+00:00,67.07785569261374,101374.9395362038,101442.01739189641,-0.0017417939851623603
2020-12-04 05:00:00+00:00,22.778199785224846,102201.44647239622,102224.22467218144,0.0077108805640483695
2020-12-07 05:00:00+00:00,7.691436925400578,102085.50053887408,102093.19197579948,-0.0012818164853015145
2020-12-08 05:00:00+00:00,2.553464430435692,102463.07756053076,102465.6310249612,0.0036480302158640263
2020-12-09 05:00:00+00:00,0.8036681617268464,101533.84192873177,101534.64559689349,-0.009085831207548186
2020-12-10 05:00:00+00:00,0.20775469878248623,101617.8021941657,101618.00994886449,0.0008210434131219616
2020-12-11 05:00:00+00:00,0.004809440715172507,101308.81003844787,101308.81484788859,-0.0030427195054449287
2020-12-14 05:00:00+00:00,0.004809440715172507,100729.48826240125,100729.49307184196,-0.005718374821741341
2020-12-15 05:00:00+00:00,0.004809440715172507,101953.70410775517,101953.70891719588,0.012153499516579366
2020-12-16 05:00:00+00:00,0.004809440715172507,102037.68810121,102037.69291065072,0.0008237463290623973
2020-12-17 05:00:00+00:00,0.004809440715172507,102345.35320496983,102345.35801441054,0.0030152103108527476
2020-12-18 05:00:00+00:00,0.004809440715172507,101980.74994883587,101980.75475827658,-0.003562479659142091
2020-12-21 05:00:00+00:00,0.004809440715172507,102344.23257181035,102344.23738125106,0.0035642276215354235
2020-12-22 05:00:00+00:00,0.004809440715172507,101754.95857277201,101754.96338221272,-0.005757764326712288
2020-12-23 05:00:00+00:00,0.004809440715172507,102053.6162234328,102053.6210328735,0.002935067152832257
2020-12-24 05:00:00+00:00,3565.447861441216,98579.40190089704,102144.84976233826,0.0008939293730240832
2020-12-28 05:00:00+00:00,1278.0987140005598,102140.52874197035,103418.62745597091,0.012470307573963547
2020-12-29 05:00:00+00:00,458.11624500990314,102749.74039108053,103207.85663609044,-0.0020380353623452273
2020-12-30 05:00:00+00:00,155.950869592206,103077.31483104962,103233.26570064183,0.0002461931230776879
2020-12-31 05:00:00+00:00,53.04493793199622,103477.00073691997,103530.04567485196,0.0028748482593851437
2021-01-04 05:00:00+00:00,17.999126491101574,102277.86758471232,102295.86671120343,-0.011920973815897028
2021-01-05 05:00:00+00:00,6.063867952203857,103450.05737512808,103456.12124308028,0.01134214479214909
2021-01-06 05:00:00+00:00,3742.519916718915,99574.79921861747,103317.31913533638,-0.001341651959073308
2021-01-07 05:00:00+00:00,1681.20552128851,103299.45473795594,104980.66025924445,0.016099344600001158
2021-01-08 05:00:00+00:00,1067.1385510648024,104144.09226694914,105211.23081801394,0.00219631461833161
2021-01-11 05:00:00+00:00,345.18747175860057,104290.89259304333,104636.08006480194,-0.0054666288830595615
2021-01-12 05:00:00+00:00,3585.805406980888,101087.61278036404,104673.41818734493,0.00035683793314760453
2021-01-13 05:00:00+00:00,3685.4011969288144,101225.18248351288,104910.58368044169,0.0022657662012363403
2021-01-14 05:00:00+00:00,1339.5280452083193,103044.05830407488,104383.5863492832,-0.005023299963364308
2021-01-15 05:00:00+00:00,3114.7608326101013,100045.38745429079,103160.14828690089,-0.01172059808606787
2021-01-19 05:00:00+00:00,1060.7020708148482,103126.27128749607,104186.97335831092,0.009953699063656864
2021-01-20 05:00:00+00:00,361.16847840650485,105378.18501151708,105739.35348992358,0.014899944605107684
2021-01-21 05:00:00+00:00,122.93418053275211,106133.26846971802,106256.20265025078,0.004887954609789163
2021-01-22 05:00:00+00:00,41.80072061125961,106180.51550693368,106222.31622754493,-0.00031891241979906354
2021-01-25 05:00:00+00:00,3707.8882675028367,102741.81550545793,106449.70377296077,0.0021406758343391857
2021-01-26 05:00:00+00:00,1923.4278641413455,104699.10295503616,106622.5308191775,0.0016235559150576723
2021-01-27 05:00:00+00:00,1542.4553229237088,102404.84744299059,103947.3027659143,-0.025090644845038923
2021-01-28 05:00:00+00:00,552.8843678045123,104407.65530781184,104960.53967561635,0.009747601743778101
2021-01-29 05:00:00+00:00,10119.272564720008,92786.92862678552,102906.20119150553,-0.019572484006463893
2021-02-01 05:00:00+00:00,4019.4596765200545,100388.84156152116,104408.30123804121,0.014596788426193205
2021-02-02 05:00:00+00:00,1596.5266574110506,104170.95999333796,105767.48665074902,0.013017982254198304
2021-02-03 05:00:00+00:00,634.1029695557538,105551.73817970358,106185.84114925933,0.0039554168464997225
2021-02-04 05:00:00+00:00,239.2187753004537,106519.70181126372,106758.92058656417,0.005396947757839921
2021-02-05 05:00:00+00:00,90.20780201396397,107213.5638351346,107303.77163714856,0.005103564625708275
2021-02-08 05:00:00+00:00,386.63687566274933,108163.05362355888,108549.69049922163,0.011611137642823862
2021-02-09 05:00:00+00:00,153.35187502845773,108185.0644765393,108338.41635156775,-0.0019463357903852748
2021-02-10 05:00:00+00:00,57.805617857786324,108628.65427159387,108686.45988945165,0.00321255884666498
2021-02-11 05:00:00+00:00,21.75089350566851,108834.422437113,108856.17333061867,0.0015614957128940714
2021-02-12 05:00:00+00:00,89.13145749391373,108847.88342403863,108937.01488153255,0.0007426455334632633
2021-02-16 05:00:00+00:00,33.571811944804516,109409.61363363548,109443.18544558028,0.004646451572022453
2021-02-17 05:00:00+00:00,218.31513812488973,109562.61956965091,109780.9347077758,0.003086069368507737
2021-02-18 05:00:00+00:00,685.5319633361024,108305.21450402876,108990.74646736486,-0.0071978640236059635
2021-02-19 05:00:00+00:00,371.2867553419983,108741.04741023987,109112.33416558187,0.0011155781766611554
2021-02-22 05:00:00+00:00,4973.512863290134,103448.19015508203,108421.70301837217,-0.006329542415998937
2021-02-23 05:00:00+00:00,3080.281322001938,105452.64028094026,108532.9216029422,0.001025796325586064
2021-02-24 05:00:00+00:00,2072.999279437056,107467.8797336762,109540.87901311327,0.009287112106486872
2021-02-25 05:00:00+00:00,4369.828051797989,102631.71105312488,107001.53910492286,-0.023181664517101592
2021-02-26 05:00:00+00:00,7219.939044273341,99221.27511089001,106441.21415516335,-0.005236606449277987
2021-03-01 05:00:00+00:00,5170.527257033405,103412.07501061357,108582.60226764697,0.020118035382065795
2021-03-02 05:00:00+00:00,1951.054822808811,105570.50269332335,107521.55751613216,-0.009771774937751315
2021-03-03 05:00:00+00:00,2144.734217097108,103772.0007559782,105916.7349730753,-0.014925588692444995
2021-03-04 05:00:00+00:00,809.2609186625897,104073.37376607991,104882.6346847425,-0.009763332381758921
2021-03-05 05:00:00+00:00,2216.104476533792,104217.17148312078,106433.27595965457,0.014784537779518993
2021-03-08 05:00:00+00:00,4496.807466935612,100904.32786095852,105401.13532789414,-0.009697537001037893
2021-03-09 05:00:00+00:00,1967.1055283055682,105489.18712465571,107456.29265296127,0.01949843631829688
2021-03-10 05:00:00+00:00,705.1154883818052,107765.49404478683,108470.60953316864,0.009439343710499868
2021-03-11 05:00:00+00:00,1893.4648346799424,107672.96792396776,109566.4327586477,0.01010248979143035
2021-03-12 05:00:00+00:00,644.775519580587,109333.53516960287,109978.31068918345,0.0037591616352339223
2021-03-15 04:00:00+00:00,2704.300271239139,107679.875112082,110384.17538332113,0.003690406695595813
2021-03-16 04:00:00+00:00,1201.6574093518602,109442.05264576802,110643.71005511988,0.0023511945520949297
2021-03-17 04:00:00+00:00,479.2489823553196,110112.25285969992,110591.50184205524,-0.0004718588434772853
2021-03-18 04:00:00+00:00,386.48970349806063,108238.65008556843,108625.1397890665,-0.017780408261360476
2021-03-19 04:00:00+00:00,529.4674711673271,108072.50491601655,108601.97238718388,-0.0002132784540264222
2021-03-22 04:00:00+00:00,7188.709788387016,102334.74796830949,109523.4577566965,0.008484978212249914
2021-03-23 04:00:00+00:00,2855.39818061992,106031.28343864654,108886.68161926646,-0.0058140616674523535
2021-03-24 04:00:00+00:00,1893.9636627354678,106381.96854486485,108275.93220760032,-0.005609036868270892
2021-03-25 04:00:00+00:00,791.8465335894167,107641.72429135929,108433.5708249487,0.0014558971152162131
2021-03-26 04:00:00+00:00,331.02895010007256,109842.75256880285,110173.78151890292,0.01604863402279307
2021-03-29 04:00:00+00:00,131.42916023578582,109954.76553615727,110086.19469639305,-0.0007949878936926558
2021-03-30 04:00:00+00:00,4314.887852444158,105468.87803335648,109783.76588580063,-0.002747200150086845
2021-03-31 04:00:00+00:00,1628.176211015893,108852.31347642734,110480.48968744323,0.006346328129856147
2021-04-01 04:00:00+00:00,614.335894149388,111315.42934433892,111929.76523848831,0.013117931999986414
2021-04-05 04:00:00+00:00,308.51679980770155,112605.1562108374,112913.67301064511,0.008790403250291774
2021-04-06 04:00:00+00:00,366.23987229977723,112096.76394168285,112463.00381398262,-0.003991272134243703
2021-04-07 04:00:00+00:00,131.22768703641316,113065.18347730201,113196.41116433842,0.006521321016544089
2021-04-08 04:00:00+00:00,46.440537081245445,113580.88148328962,113627.32202037086,0.0038067536912176707
2021-04-09 04:00:00+00:00,75.89580836256968,114356.48512488983,114432.38093325241,0.007085082166569225
2021-04-12 04:00:00+00:00,583.6834729934566,114678.12704728018,115261.81052027365,0.007248207021970797
2021-04-13 04:00:00+00:00,381.03472917582127,115124.07306404378,115505.1077932196,0.002110822933005758
2021-04-14 04:00:00+00:00,1998.76660845064,113129.29319604744,115128.05980449807,-0.0032643403908728863
2021-04-15 04:00:00+00:00,833.3975679366426,115660.03514408297,116493.43271201961,0.011859601471961856
2021-04-16 04:00:00+00:00,2214.2327936590154,114887.68944751911,117101.92224117812,0.005223380537362512
2021-04-19 04:00:00+00:00,1005.1318157439298,38663.55521728487,39668.6870330288,-0.6612464913143881
2021-04-20 04:00:00+00:00,777.7292167911653,114714.40386862615,115492.13308541731,1.911418091283351
2021-04-21 04:00:00+00:00,264.79878304481,116535.91326403794,116800.71204708275,0.011330459717958617
2021-04-22 04:00:00+00:00,123.29534300751216,115057.32032842423,115180.61567143175,-0.013870603588426213
2021-04-23 04:00:00+00:00,41.92371869101814,116600.80550256014,116642.72922125115,0.012694093891547529
2021-04-26 04:00:00+00:00,2023.2856657779114,114949.20443748559,116972.4901032635,0.002827101905227567
2021-04-27 04:00:00+00:00,714.2280278887669,116565.304666276,117279.53269416477,0.002624912837456162
2021-04-28 04:00:00+00:00,815.3774957490181,116575.23346163234,117390.61095738136,0.0009471240263743007
2021-04-29 04:00:00+00:00,263.73432504596275,118096.46863681039,118360.20296185635,0.008259536231794592
2021-04-30 04:00:00+00:00,1192.3534181339223,116006.96272963645,117199.31614777037,-0.009808084009961533
2021-05-03 04:00:00+00:00,385.6986815848848,117317.26412640036,117702.96280798524,0.004297351527033237
2021-05-04 04:00:00+00:00,6609.4508380057805,110852.18553953263,117461.63637753841,-0.0020503003891288616
2021-05-05 04:00:00+00:00,2250.8593824252225,116319.64081552639,118570.50019795161,0.00944022111908227
2021-05-06 04:00:00+00:00,1258.2273363161494,118420.55415264203,119678.78148895818,0.009347023831022988
2021-05-07 04:00:00+00:00,2200.751921295585,118412.80921340811,120613.56113470369,0.007810738329014123
2021-05-10 04:00:00+00:00,1863.6077203680054,118336.62213953421,120200.22985990222,-0.003426905489838373
2021-05-11 04:00:00+00:00,2281.930903385079,116465.13306956449,118747.06397294956,-0.012089543328214733
2021-05-12 04:00:00+00:00,777.072155696559,116448.062086379,117225.13424207555,-0.012816567247681172
2021-05-13 04:00:00+00:00,251.34126258736737,118124.55718328312,118375.89844587048,0.009816701949076405
2021-05-14 04:00:00+00:00,81.24968303755628,120090.9948018054,120172.24448484296,0.015174930560665526
2021-05-17 04:00:00+00:00,517.926420042305,119922.08700772787,120440.01342777017,0.0022282095510081546
2021-05-18 04:00:00+00:00,842.849975625163,118351.60536734018,119194.45534296535,-0.010341729873285077
2021-05-19 04:00:00+00:00,3333.850467613891,115092.2650955047,118426.1155631186,-0.006446103366435615
2021-05-20 04:00:00+00:00,2368.52375060299,116892.80425715375,119261.32800775675,0.007052603563552661
2021-05-21 04:00:00+00:00,806.5623565700089,118964.1575065233,119770.71986309331,0.004271224074441254
2021-05-24 04:00:00+00:00,780.6424206360387,120123.0308896411,120903.67331027714,0.009459352406655613
2021-05-25 04:00:00+00:00,279.78516682518836,120035.68649669547,120315.47166352066,-0.004865043638889042
2021-05-26 04:00:00+00:00,100.23489219779636,120282.75652064459,120382.99141284238,0.000561189250128662
2021-05-27 04:00:00+00:00,35.86864637928868,120250.61827426798,120286.48692064726,-0.0008016455735359334
2021-05-28 04:00:00+00:00,12.794253375065972,120842.46648616137,120855.26073953643,0.004728493062270461
2021-06-01 04:00:00+00:00,2680.431490039386,118451.45364506348,121131.88513510286,0.0022888899818982425
2021-06-02 04:00:00+00:00,1536.8830727236616,119922.46420155489,121459.34727427855,0.0027033521257467832
2021-06-03 04:00:00+00:00,1375.8937423101906,120234.15900741491,121610.0527497251,0.0012407894396651736
2021-06-04 04:00:00+00:00,1100.1256449142418,121228.71635070386,122328.8419956181,0.005910607138476263
2021-06-07 04:00:00+00:00,1120.3302348329519,120609.62880451539,121729.95903934834,-0.004895680744621265
2021-06-08 04:00:00+00:00,381.4755429170848,121035.91798325621,121417.3935261733,-0.002567695870775776
2021-06-09 04:00:00+00:00,129.84998744761288,121131.83824001809,121261.6882274657,-0.0012823969794248436
2021-06-10 04:00:00+00:00,44.155979061279176,121246.50697083458,121290.66294989586,0.0002389437492888659
2021-06-11 04:00:00+00:00,14.971888202082004,120958.61368032385,120973.58556852593,-0.002614194478439913
2021-06-14 04:00:00+00:00,442.10149615478787,120203.55943134542,120645.66092750021,-0.002710712751751614
2021-06-15 04:00:00+00:00,194.91887226926855,120579.54236608425,120774.46123835351,0.0010675917381786433
2021-06-16 04:00:00+00:00,412.95381686128246,119913.58099647879,120326.53481334007,-0.0037087842944663776
2021-06-17 04:00:00+00:00,140.5702796147917,119000.60382956287,119141.17410917766,-0.00985119953800074
2021-06-18 04:00:00+00:00,376.1310011097152,116408.32942650681,116784.46042761652,-0.01978084989662363
2021-06-21 04:00:00+00:00,128.02984159793016,118787.82286658796,118915.85270818589,0.018250649724844328
2021-06-22 04:00:00+00:00,76.20237384447273,119379.03075109463,119455.2331249391,0.004535815910741709
2021-06-23 04:00:00+00:00,190.75806676639522,119011.03710003968,119201.79516680609,-0.002121614528749372
2021-06-24 04:00:00+00:00,64.89893360816917,120146.30245161717,120211.20138522534,0.008468045443499718
2021-06-25 04:00:00+00:00,76.65815137840771,120343.64239022357,120420.30054160197,0.0017394315501976902
2021-06-28 04:00:00+00:00,2273.9715714492772,118200.05115102652,120474.0227224758,0.0004461222952625452
2021-06-29 04:00:00+00:00,1388.8457484886112,118739.89933466162,120128.74508315024,-0.002865992448188975
2021-06-30 04:00:00+00:00,545.6933026346119,120267.91683147421,120813.61013410882,0.005701092194749381
2021-07-01 04:00:00+00:00,195.55921553937353,121227.56803275006,121423.12724828943,0.005045103060027865
2021-07-02 04:00:00+00:00,147.7773028175027,121924.58271425572,122072.36001707322,0.005346862525260344
2021-07-06 04:00:00+00:00,469.7332286553235,120397.45192717912,120867.18515583445,-0.00987262686713206
2021-07-07 04:00:00+00:00,168.32859835268712,120940.54557705502,121108.8741754077,0.001999624788660755
2021-07-08 04:00:00+00:00,767.5926388054962,119112.50741802042,119880.10005682592,-0.010146028744368436
2021-07-09 04:00:00+00:00,275.10700374843617,121427.52918605493,121702.63618980336,0.015202991423209708
2021-07-12 04:00:00+00:00,98.55783659204924,122270.70347579906,122369.26131239111,0.005477491231562998
2021-07-13 04:00:00+00:00,33.4990732758554,121735.73762866991,121769.23670194577,-0.0049033932542386065
2021-07-14 04:00:00+00:00,1308.301331422792,120208.5413342314,121516.84266565419,-0.0020727241389331638
2021-07-15 04:00:00+00:00,871.7020020634997,120291.30256043872,121163.00456250222,-0.002911844114692236
2021-07-16 04:00:00+00:00,405.41916168632025,119496.2149786274,119901.63414031372,-0.01041052445623216
2021-07-19 04:00:00+00:00,3551.432634565496,114173.30649704856,117724.73913161406,-0.018155674226692963
2021-07-20 04:00:00+00:00,1340.083634175002,117159.92006643371,118500.00370060871,0.006585400610893857
2021-07-21 04:00:00+00:00,645.9212496411781,119418.9032083777,120064.82445801888,0.013205238046774261
2021-07-22 04:00:00+00:00,243.6784458664598,119767.76923552601,120011.44768139247,-0.00044456631546627336
2021-07-23 04:00:00+00:00,3432.3627395379085,117576.73405051394,121009.09679005186,0.008312949538846969
2021-07-26 04:00:00+00:00,2093.404084133297,119349.7683400827,121443.172424216,0.0035871322543399426
2021-07-27 04:00:00+00:00,8512.646047342794,112832.95259267182,121345.59864001462,-0.0008034522011705983
2021-07-28 04:00:00+00:00,3775.918764869176,117757.03675279359,121532.95551766276,0.0015439940117148866
2021-07-29 04:00:00+00:00,1586.9126323192613,120185.05904441632,121771.97167673559,0.001966677746416584
2021-07-30 04:00:00+00:00,663.4622538223989,120614.75209419719,121278.21434801958,-0.004054769927079507
2021-08-02 04:00:00+00:00,12247.346820394869,108826.03155716755,121073.37837756242,-0.0016889758111821008
2021-08-03 04:00:00+00:00,5431.135536239268,116923.09849976217,122354.23403600144,0.010579168398561744
2021-08-04 04:00:00+00:00,2922.2900512979236,118810.05623682454,121732.34628812247,-0.005082682694053576
2021-08-05 04:00:00+00:00,1286.121797778818,121015.15926107543,122301.28105885425,0.004673653207876194
2021-08-06 04:00:00+00:00,537.6954892534923,122390.95255957209,122928.64804882559,0.005129684534289044
2021-08-09 04:00:00+00:00,1315.8886921751075,121669.45109712283,122985.33978929794,0.00046117598600639234
2021-08-10 04:00:00+00:00,696.2193861991834,123255.859518836,123952.07890503519,0.007860604502890289
2021-08-11 04:00:00+00:00,4057.5883833135185,120292.72357504252,124350.31195835603,0.0032127985011525867
2021-08-12 04:00:00+00:00,2082.103232805143,122894.21840089039,124976.32163369552,0.005034242902013273
2021-08-13 04:00:00+00:00,927.7590225949376,124442.37247820117,125370.13150079611,0.003151075835427767
2021-08-16 04:00:00+00:00,1128.2474953251467,124988.63181022214,126116.87930554729,0.005956345389543132
2021-08-17 04:00:00+00:00,1362.43615517234,124524.30842532292,125886.74458049526,-0.0018247733873471396
2021-08-18 04:00:00+00:00,2032.4002342974063,122249.51974678601,124281.91998108343,-0.012748161887574007
2021-08-19 04:00:00+00:00,807.2381953326139,123887.10480376543,124694.34299909804,0.003318447430466033
2021-08-20 04:00:00+00:00,900.5915197768667,124709.65080033473,125610.24232011159,0.007345155353360154
2021-08-23 04:00:00+00:00,812.0408004767138,125298.01698959252,126110.05779006923,0.003979098047465631
2021-08-24 04:00:00+00:00,379.4925433125641,125621.46256600248,126000.95510931504,-0.0008651386151595633
2021-08-25 04:00:00+00:00,185.21974848169094,126230.16626132723,126415.38600980892,0.003289109198690875
2021-08-26 04:00:00+00:00,101.35654547976077,125651.51788183731,125752.87442731707,-0.00524075117280772
2021-08-27 04:00:00+00:00,40.19999256586841,126321.99661141305,126362.19660397893,0.004845393629662351
2021-08-30 04:00:00+00:00,465.36096752018796,126235.31468013866,126700.67564765885,0.002678641656893015
2021-08-31 04:00:00+00:00,845.9383560750139,125545.22959518165,126391.16795125666,-0.002442825934590077
2021-09-01 04:00:00+00:00,319.1556215479558,125124.6459377979,125443.80155934585,-0.007495511017638225
2021-09-02 04:00:00+00:00,348.77012644529054,125581.25439959542,125930.02452604071,0.0038760222557894125
2021-09-03 04:00:00+00:00,138.4762095063986,125618.35155898336,125756.82776848975,-0.0013753412516420787
2021-09-07 04:00:00+00:00,103.36584439950059,124812.57858479685,124915.94442919634,-0.006686581986955136
2021-09-08 04:00:00+00:00,40.99811486685171,124471.53466700154,124512.53278186839,-0.003229464814690772
2021-09-09 04:00:00+00:00,16.224759686754084,123441.07314981917,123457.29790950593,-0.008474928979327005
2021-09-10 04:00:00+00:00,6.384428292968224,122543.46555318889,122549.84998148185,-0.007350297984726962
2021-09-13 04:00:00+00:00,2.3469223767334344,123218.92646877826,123221.27339115499,0.005478777899561646
2021-09-14 04:00:00+00:00,0.8233549739846187,122351.83141228004,122352.65476725402,-0.0070492586222803974
2021-09-15 04:00:00+00:00,0.24843132585199118,123173.5518987577,123173.80033008354,0.006711301560162719
2021-09-16 04:00:00+00:00,26.68591515724273,122731.91734845594,122758.60326361319,-0.0033708228970584795
2021-09-17 04:00:00+00:00,10.007761581790643,121697.51339792127,121707.52115950306,-0.00856218689498303
2021-09-20 04:00:00+00:00,6.044321240194852,119331.63526154647,119337.67958278666,-0.019471611566310807
2021-09-21 04:00:00+00:00,558.5729585259186,119020.93794856648,119579.51090709241,0.002026445672072805
2021-09-22 04:00:00+00:00,321.370526575517,119607.41280526422,119928.78333183973,0.0029208383785637947
2021-09-23 04:00:00+00:00,121.20806131219368,121132.80627507507,121254.01433638726,0.011050149661575843
2021-09-24 04:00:00+00:00,45.676033952730265,121286.80413127632,121332.48016522905,0.0006471194316429164
2021-09-27 04:00:00+00:00,17.173751321841323,121420.20172830236,121437.3754796242,0.000864527900956991
2021-09-28 04:00:00+00:00,73.08519994097847,119494.01233274168,119567.09753268266,-0.015401172328986567
2021-09-29 04:00:00+00:00,26.135863907495263,119698.00487173907,119724.14073564656,0.0013134315894970908
2021-09-30 04:00:00+00:00,6558.66676619407,111578.36345949658,118137.03022569066,-0.013256395077917326
2021-10-01 04:00:00+00:00,9837.587231356285,109044.14335784869,118881.73058920498,0.006303699712881161
2021-10-04 04:00:00+00:00,4038.901768513549,113372.91240917945,117411.814177693,-0.01236452736872804
2021-10-05 04:00:00+00:00,1524.0318679950665,117289.2051629663,118813.23703096138,0.011935961155897316
2021-10-06 04:00:00+00:00,843.517510477962,118370.2546581529,119213.77216863087,0.0033711322717780512
2021-10-07 04:00:00+00:00,302.32500140369024,120072.59950902712,120374.9245104308,0.009740085567944805
2021-10-08 04:00:00+00:00,255.22125270743894,120154.39017691764,120409.61142962509,0.00028815734950908876
2021-10-11 04:00:00+00:00,82.504989995566,119335.6748579693,119418.17984796486,-0.008233824276060278
2021-10-12 04:00:00+00:00,1607.6409163575356,116977.08643114481,118584.72734750234,-0.006979276534976608
2021-10-13 04:00:00+00:00,547.4348611246667,118158.12499288944,118705.5598540141,0.0010189550477076074
2021-10-14 04:00:00+00:00,186.36936275405378,120386.2433549411,120572.61271769516,0.01572843652797037
2021-10-15 04:00:00+00:00,63.404309432429066,121711.43678673382,121774.84109616624,0.009970990520757379
2021-10-18 04:00:00+00:00,21.527130896611734,121892.58389599282,121914.11102688944,0.0011436675217109402
2021-10-19 04:00:00+00:00,110.89895298132787,122846.05670187552,122956.95565485685,0.008553928820736752
2021-10-20 04:00:00+00:00,37.701983943599046,123442.22888897089,123479.93087291448,0.004253319507402546
2021-10-21 04:00:00+00:00,2104.2788658005907,121613.91478419765,123718.19364999824,0.0019295668162381554
2021-10-22 04:00:00+00:00,1186.8991075410406,122771.93438098917,123958.83348853022,0.001945064274158036
2021-10-25 04:00:00+00:00,633.0230408887572,40829.53952294022,41462.56256382898,-0.6655134499336389
2021-10-26 04:00:00+00:00,898.1659589736166,124037.24464511394,124935.41060408756,2.0132100593579434
2021-10-27 04:00:00+00:00,1943.6176116780164,122547.85047970942,124491.46809138743,-0.003553376184970939
2021-10-28 04:00:00+00:00,2173.859500666384,123042.23271180826,125216.09221247464,0.005820672952103626
2021-10-29 04:00:00+00:00,7975.176828508335,118336.71069452808,126311.88752303642,0.008751233896537538
2021-11-01 04:00:00+00:00,3358.2949545528268,123009.17563836594,126367.47059291876,0.00044004622979134874
2021-11-02 04:00:00+00:00,2703.2780629708977,124650.930095586,127354.2081585569,0.007808477616971684
2021-11-03 04:00:00+00:00,2330.07505216651,125384.14577812028,127714.22083028678,0.0028268612159377264
2021-11-04 04:00:00+00:00,2261.9529460274885,125271.13078527749,127533.08373130499,-0.001418300153296941
2021-11-05 04:00:00+00:00,999.8334367903408,126587.92680063233,127587.76023742267,0.00042872409666562126
2021-11-08 05:00:00+00:00,397.0878785982593,127455.6546535627,127852.74253216096,0.0020768629705952856
2021-11-09 05:00:00+00:00,579.3265900918396,126982.5253202936,127561.85191038543,-0.0022752004846697425
2021-11-10 05:00:00+00:00,241.41358125865628,126823.99050018835,127065.404081447,-0.003891820489461
2021-11-11 05:00:00+00:00,1690.6336764703253,125239.08717250041,126929.72084897074,-0.0010678219886610088
2021-11-12 05:00:00+00:00,671.4836249935183,127179.29410726036,127850.77773225388,0.007256431961896991
2021-11-15 05:00:00+00:00,266.66263188950023,127309.01311741048,127575.67574929997,-0.0021517427412918893
2021-11-16 05:00:00+00:00,100.56384016530302,126979.62646206743,127080.19030223273,-0.003883855164059065
2021-11-17 05:00:00+00:00,260.1042416864836,126359.04468045945,126619.14892214593,-0.0036279563241942755
2021-11-18 05:00:00+00:00,84.08480073002387,126258.93573740611,126343.02053813613,-0.0021807790240288734
2021-11-19 05:00:00+00:00,176.5890647902665,125474.50720408103,125651.0962688713,-0.005476553167066093
2021-11-22 05:00:00+00:00,338.25558957005353,125240.17005219846,125578.42564176851,-0.000578352511523591
2021-11-23 05:00:00+00:00,115.13092984765142,127097.57305150077,127212.70398134843,0.013014005640124414
2021-11-24 05:00:00+00:00,39.14323286760787,126921.01473773443,126960.15797060203,-0.0019852263401572683
2021-11-26 05:00:00+00:00,13.26473920619575,124260.5000481076,124273.76478731379,-0.021159340270435697
2021-11-29 05:00:00+00:00,4.451517318978556,124951.14827232332,124955.59978964229,0.005486556261455641
2021-11-30 05:00:00+00:00,1.450072140229859,122497.59254963783,122499.04262177806,-0.019659440409231316
2021-12-01 05:00:00+00:00,0.42789508894058004,122185.33393917244,122185.76183426139,-0.002557414170851494
2021-12-02 05:00:00+00:00,0.07978080999911313,123492.67329683414,123492.75307764414,0.010696755692006253
2021-12-03 05:00:00+00:00,0.0022593413170322605,123348.78813071927,123348.79039006059,-0.0011657581841506004
2021-12-06 05:00:00+00:00,0.0022593413170322605,125581.03012642462,125581.03238576594,0.018096991374187188
2021-12-07 05:00:00+00:00,0.0022593413170322605,127136.70583396712,127136.70809330844,0.01238782384559236
2021-12-08 05:00:00+00:00,78.22235836495715,127364.53325579566,127442.75561416062,0.0024072317542433697
2021-12-09 05:00:00+00:00,294.31593813186146,127656.15907191325,127950.4750100451,0.003983901583402932
2021-12-10 05:00:00+00:00,993.8570542542525,127454.95137581463,128448.8084300689,0.003894736772057038
2021-12-13 05:00:00+00:00,593.9928883320969,127820.37728424778,128414.37017257987,-0.000268108812451677
2021-12-14 05:00:00+00:00,368.65919330436975,128444.71437132465,128813.37356462902,0.0031071553091208412
2021-12-15 05:00:00+00:00,635.0448921725185,129552.60256417503,130187.64745634755,0.010668720597004048
2021-12-16 05:00:00+00:00,6010.571128863278,124788.71017888199,130799.28130774526,0.0046980943534047125
2021-12-17 05:00:00+00:00,3330.61380935116,124778.9936973792,128109.60750673036,-0.020563368346700767
2021-12-20 05:00:00+00:00,1077.4976460322682,125805.42738013738,126882.92502616964,-0.009575257503589436
2021-12-21 05:00:00+00:00,348.5389864761441,127829.69441614687,128178.23340262301,0.010208689437023997
2021-12-22 05:00:00+00:00,5723.129656071818,123574.00008512063,129297.12974119245,0.008729222652451848
2021-12-23 05:00:00+00:00,2051.5972624128285,127860.08248431225,129911.67974672509,0.004753005784140413
2021-12-27 05:00:00+00:00,2861.4801585300515,128344.76478996396,131206.24494849402,0.009964963922357123
2021-12-28 05:00:00+00:00,3096.773492559785,128166.28252767473,131263.0560202345,0.0004329906077473224
2021-12-29 05:00:00+00:00,1535.0370903035757,129981.95249520184,131516.98958550542,0.001934539488641556
2021-12-30 05:00:00+00:00,1292.7608699248706,130006.70922505479,131299.47009497965,-0.0016539269277019682
2021-12-31 05:00:00+00:00,741.2887474415902,130190.97548553068,130932.26423297227,-0.002796704828600986
2022-01-03 05:00:00+00:00,8712.38586102891,122978.90449812614,131691.29035915504,0.005797090049800161
2022-01-04 05:00:00+00:00,3289.8666550747193,129406.80968650224,132696.67634157697,0.007634415151373994
2022-01-05 05:00:00+00:00,1258.8189402496378,130658.84003603933,131917.65897628898,-0.005870662225802147
2022-01-06 05:00:00+00:00,1066.3125887029485,130319.84956565229,131386.16215435523,-0.004029004350579613
2022-01-07 05:00:00+00:00,418.1817294932762,131335.83424012488,131754.01596961817,0.0027997911593670806
2022-01-10 05:00:00+00:00,1390.605791620826,130365.58599799684,131756.19178961767,1.6514259421215607e-05
2022-01-11 05:00:00+00:00,567.9012799543899,131778.52363016905,132346.42491012343,0.004479737251727902
2022-01-12 05:00:00+00:00,1095.243098165112,131230.1217500146,132325.3648481797,-0.00015912830254401816
2022-01-13 05:00:00+00:00,662.7476376288806,130180.73475262379,130843.48239025267,-0.011198778553357823
2022-01-14 05:00:00+00:00,236.8729282103418,131035.40018924719,131272.27311745752,0.0032771271397832357
2022-01-18 05:00:00+00:00,1680.8360705936084,127518.85997721438,129199.69604780799,-0.015788384099931496
2022-01-19 05:00:00+00:00,1107.1727245620018,127435.80582569071,128542.97855025271,-0.005082964725491852
2022-01-20 05:00:00+00:00,391.99511965427143,127286.25019089259,127678.24531054686,-0.006727191554595799
2022-01-21 05:00:00+00:00,634.7923745715359,125549.61584501679,126184.40821958832,-0.011700012694606927
2022-01-24 05:00:00+00:00,579.708374206649,124577.13308107737,125156.84145528401,-0.008143373486493853
2022-01-25 05:00:00+00:00,207.75313984766774,125791.49412075602,125999.24726060369,0.006730801093447641
2022-01-26 05:00:00+00:00,2754.873002619353,123528.74761228383,126283.62061490318,0.002256944866593691
2022-01-27 05:00:00+00:00,987.5190380546297,125847.5646953573,126835.08373341193,0.004366861797464722
2022-01-28 05:00:00+00:00,745.8256655576416,127422.15477308515,128167.98043864279,0.010508896008870892
2022-01-31 05:00:00+00:00,1460.0180284848363,127651.6782940041,129111.69632248893,0.00736311737624615
2022-02-01 05:00:00+00:00,644.8001069203353,129382.88272304903,130027.68282996936,0.007094527711823404
2022-02-02 05:00:00+00:00,2297.668585060475,129459.72646710665,131757.39505216712,0.013302645902408488
2022-02-03 05:00:00+00:00,1419.1255882700095,129067.65026716699,130486.775855437,-0.00964362718485021
2022-02-04 05:00:00+00:00,1933.6486941062926,128157.55643797583,130091.20513208212,-0.003031500477819434
2022-02-07 05:00:00+00:00,1433.476366613887,128529.85697522789,129963.33334184178,-0.0009829395469933221
2022-02-08 05:00:00+00:00,2955.8969076631956,127619.76510276245,130575.66201042564,0.004711549425815849
2022-02-09 05:00:00+00:00,3538.387686553541,127952.95108251041,131491.33876906394,0.007012614330572424
2022-02-10 05:00:00+00:00,1297.5266789706604,128946.54797812144,130244.0746570921,-0.00948552295267433
2022-02-11 05:00:00+00:00,465.08089695273054,127412.24206996473,127877.32296691746,-0.018171664979046837
2022-02-14 05:00:00+00:00,513.916396294893,126907.12248148103,127421.03887777592,-0.00356813920212877
2022-02-15 05:00:00+00:00,184.16764195888956,128807.28714638564,128991.45478834453,0.012324620207146305
2022-02-16 05:00:00+00:00,6236.606788779453,122836.06784364692,129072.67463242637,0.0006296529038694963
2022-02-17 05:00:00+00:00,9103.008948694225,118336.9240045963,127439.93295329052,-0.012649785741138229
2022-02-18 05:00:00+00:00,4217.290543118806,122478.58681403946,126695.87735715827,-0.005838480756302389
2022-02-22 05:00:00+00:00,1856.086050146341,123215.97611239574,125072.06216254209,-0.01281663798766406
2022-02-23 05:00:00+00:00,776.0091335163489,123403.73977889736,124179.7489124137,-0.007134393042698412
2022-02-24 05:00:00+00:00,1313.204819672532,121393.00572196147,122706.210541634,-0.01186617289602522
2022-02-25 05:00:00+00:00,577.9204752067795,126480.18922506915,127058.10970027592,0.035466005668599164
2022-02-28 05:00:00+00:00,895.3921455540308,125192.95716811567,126088.34931366969,-0.007632416292780101
2022-03-01 05:00:00+00:00,15351.04864937977,109035.88722187832,124386.93587125809,-0.013493819624674467
2022-03-02 05:00:00+00:00,8134.864594956608,118408.8014309585,126543.66602591511,0.017338880000141364
2022-03-03 05:00:00+00:00,4521.412970353817,122108.97690517832,126630.38987553214,0.0006853274631641521
2022-03-04 05:00:00+00:00,2532.0477034590654,123915.3772330446,126447.42493650365,-0.0014448738506477844
2022-03-07 05:00:00+00:00,1310.4953291633706,123535.80031456257,124846.29564372594,-0.012662411224125182
2022-03-08 05:00:00+00:00,12742.496191144834,11392.730379686778,24135.22657083161,-0.8066804750081945
2022-03-09 05:00:00+00:00,10925.083409382802,114110.95057335008,125036.03398273289,4.180644715133686
2022-03-10 05:00:00+00:00,4972.9222035664825,119423.73675121673,124396.65895478321,-0.005113526137896938
2022-03-11 05:00:00+00:00,2839.6765832437486,120429.10959988473,123268.78618312848,-0.009066744887937048
2022-03-14 04:00:00+00:00,4545.64174874702,119348.86488084885,123894.50662959587,0.005076065611109473
2022-03-15 04:00:00+00:00,3802.613061945185,122328.83073663732,126131.4437985825,0.018055176374157978
2022-03-16 04:00:00+00:00,2781.190572463713,124490.93695848894,127272.12753095265,0.009043611156879239
2022-03-17 04:00:00+00:00,1736.4036121950162,126919.85558108699,128656.259193282,0.010875371451559429
2022-03-18 04:00:00+00:00,2024.6498897199735,126774.76175575162,128799.4116454716,0.0011126738262654744
2022-03-21 04:00:00+00:00,7720.625142812523,121347.80362228151,129068.42876509404,0.002088651773992
2022-03-22 04:00:00+00:00,9479.956786665882,119924.96789180921,129404.92467847509,0.0026071124952909614
2022-03-23 04:00:00+00:00,5392.157175041635,123093.55496133253,128485.71213637416,-0.007103381454645873
2022-03-24 04:00:00+00:00,15852.188281493216,113731.54905643122,129583.73733792444,0.008545893417198313
2022-03-25 04:00:00+00:00,18626.142407280484,111872.02309654337,130498.16550382385,0.007056658379243977
2022-03-28 04:00:00+00:00,15177.38122221115,115150.12217208644,130327.50339429759,-0.0013077740125110526
2022-03-29 04:00:00+00:00,9634.601051525551,120827.11918020059,130461.72023172614,0.0010298427724997488
2022-03-30 04:00:00+00:00,7151.9645284066,124178.04193940082,131330.00646780743,0.00665548664036498
2022-03-31 04:00:00+00:00,5954.7166448042735,123747.63359254364,129702.35023734791,-0.012393635500646203
2022-04-01 04:00:00+00:00,17813.02688652147,112643.61270020278,130456.63958672425,0.005815541106202269
2022-04-04 04:00:00+00:00,11226.612705579726,118710.7407926427,129937.35349822242,-0.003980526327727633
2022-04-05 04:00:00+00:00,7075.5290558393945,123394.27861088922,130469.80766672861,0.004097775998750575
2022-04-06 04:00:00+00:00,4236.340484079419,128684.00721827202,132920.34770235143,0.018782430046056838
2022-04-07 04:00:00+00:00,6029.650664787133,127864.80503527186,133894.45570005898,0.00732850925043378
2022-04-08 04:00:00+00:00,3901.297729700128,131260.25203120368,135161.5497609038,0.009463379601641496
2022-04-11 04:00:00+00:00,3240.8134346301063,129654.61384251133,132895.42727714143,-0.016766029153787318
2022-04-12 04:00:00+00:00,2167.4487180151687,131039.69133864428,133207.14005665944,0.002345549323288334
2022-04-13 04:00:00+00:00,1457.7040499738127,132112.39820809595,133570.10225806976,0.0027247953920183036
2022-04-14 04:00:00+00:00,733.1254870981771,133009.5851932032,133742.7106803014,0.0012922683992420117
2022-04-18 04:00:00+00:00,571.8863206936692,132606.20904937445,133178.09537006813,-0.004221652958589403
2022-04-19 04:00:00+00:00,401.25302987286085,134063.5626832356,134464.81571310846,0.00966165148604102
2022-04-20 04:00:00+00:00,348.7474340178872,134777.02846267587,135125.77589669375,0.0049154879667221455
2022-04-21 04:00:00+00:00,774.3602501283049,133138.96952870453,133913.32977883285,-0.008972722708270283
2022-04-22 04:00:00+00:00,363.6814421299006,130879.72250004148,131243.40394217137,-0.019937715245159304
2022-04-25 04:00:00+00:00,573.579058339429,131465.23069689889,132038.80975523833,0.006060539342742367
2022-04-26 04:00:00+00:00,1120.6630179365002,129549.71777702306,130670.38079495956,-0.010363838956254088
2022-04-27 04:00:00+00:00,1178.057978327545,129437.77118188067,130615.82916020822,-0.00041747513414648173
2022-04-28 04:00:00+00:00,1383.7164148454463,131189.17148025648,132572.8878951019,0.0149833197666513
2022-04-29 04:00:00+00:00,674.7526412094803,128419.86280724246,129094.61544845194,-0.026236680077469203
2022-05-02 04:00:00+00:00,329.00874770789346,128265.11755458469,128594.12630229259,-0.003876917285982375
2022-05-03 04:00:00+00:00,209.02348248538104,128774.83547736215,128983.85895984754,0.0030307189664229954
2022-05-04 04:00:00+00:00,94.19376290996576,131671.87664812474,131766.0704110347,0.02157022959014798
2022-05-05 04:00:00+00:00,544.2069532534548,129349.16485507983,129893.37180833328,-0.014212297572961595
2022-05-06 04:00:00+00:00,205.29618969520837,130243.53349084036,130448.82968053556,0.004276260323905534
2022-05-09 04:00:00+00:00,73.53164252208668,127711.38622261026,127784.91786513235,-0.020421124681049584
2022-05-10 04:00:00+00:00,26.29590728798629,127735.82855496882,127762.1244622568,-0.00017837318563367196
2022-05-11 04:00:00+00:00,9.362561171944128,127881.20591064186,127890.5684718138,0.0010053371458686663
2022-05-12 04:00:00+00:00,3.2921949700716464,128263.29020573602,128266.58240070609,0.0029401224295531295
2022-05-13 04:00:00+00:00,5.493934060742124,129362.21766038726,129367.711594448,0.008584692701189908
2022-05-16 04:00:00+00:00,284.0456711821872,130514.61947030005,130798.66514148224,0.011061133642992023
2022-05-17 04:00:00+00:00,463.77080470512084,129923.50024252423,130387.27104722935,-0.0031452468861810595
2022-05-18 04:00:00+00:00,230.79243030122865,125755.18341635836,125985.97584665958,-0.033755558845736715
2022-05-19 04:00:00+00:00,1055.5042762783237,124173.03070665953,125228.53498293785,-0.006012104590463514
2022-05-20 04:00:00+00:00,2292.8431342623458,124181.10563112017,126473.94876538252,0.00994512778269227
2022-05-23 04:00:00+00:00,1062.2004453587629,127432.24431392484,128494.4447592836,0.01597559033796933
2022-05-24 04:00:00+00:00,1809.8411306141736,127971.3719893183,129781.21311993248,0.01001419448957087
2022-05-25 04:00:00+00:00,1880.6661907353387,128229.42973323616,130110.0959239715,0.002534132607738047
2022-05-26 04:00:00+00:00,1670.1636553579463,128946.4665675545,130616.63022291244,0.0038931206325213087
2022-05-27 04:00:00+00:00,1237.5141472010962,130488.48627238665,131726.00041958774,0.008493330403502454
2022-05-31 04:00:00+00:00,2183.302500587261,127763.73320041133,129947.03570099859,-0.013505038587086855
2022-06-01 04:00:00+00:00,1120.7323882891453,128248.46294488372,129369.19533317287,-0.004446737585883045
2022-06-02 04:00:00+00:00,616.8238791692678,129127.49081524687,129744.31469441614,0.002899603420097031
2022-06-03 04:00:00+00:00,372.5023104825412,128966.6934416541,129339.19575213664,-0.0031224408039278416
2022-06-06 04:00:00+00:00,1967.428004199085,126693.84395545775,128661.27195965683,-0.005241441223888297
2022-06-07 04:00:00+00:00,1031.7372602978487,129441.52691712375,130473.26417742159,0.014083431557655698
2022-06-08 04:00:00+00:00,8758.149900031214,121267.20136268163,130025.35126271285,-0.0034329861947781965
2022-06-09 04:00:00+00:00,4534.885766706111,123137.25300498804,127672.13877169415,-0.0180981052399858
2022-06-10 04:00:00+00:00,2543.6143947039377,123678.10470720906,126221.719101913,-0.011360502641651723
2022-06-13 04:00:00+00:00,1305.6956466453846,122227.18825760832,123532.8839042537,-0.02130247644217472
2022-06-14 04:00:00+00:00,795.5139259998466,121005.12298078756,121800.6369067874,-0.014022557741053826
2022-06-15 04:00:00+00:00,547.9827816510135,121865.02409587664,122413.00687752764,0.005027641778333891
2022-06-16 04:00:00+00:00,281.2539569423574,120560.74398665201,120841.99794359437,-0.012833676534921226
2022-06-17 04:00:00+00:00,144.3308263957219,119586.52743961466,119730.85826601037,-0.00919497936555671
2022-06-21 04:00:00+00:00,103.83955352490128,123678.70682879395,123782.54638231885,0.03383996552757264
2022-06-22 04:00:00+00:00,50.588719594533714,124295.5561325783,124346.14485217285,0.00455313359052454
2022-06-23 04:00:00+00:00,52.694916328173164,125424.31601343415,125477.01092976231,0.009094500508510994
2022-06-24 04:00:00+00:00,1018.530239709828,126293.34487758142,127311.87511729125,0.014623110432205192
2022-06-27 04:00:00+00:00,16250.40951958614,111604.69218725554,127855.10170684168,0.004266896462328979
2022-06-28 04:00:00+00:00,8341.970411137778,118366.58124756688,126708.55165870466,-0.00896757370516152
2022-06-29 04:00:00+00:00,30485.0398557098,95954.28952761037,126439.32938332018,-0.0021247364274958025
2022-06-30 04:00:00+00:00,22999.253472583037,102213.64287929666,125212.8963518797,-0.009699774883512395
2022-07-01 04:00:00+00:00,12427.832658628944,113499.17662643848,125927.00928506743,0.0057031899588113845
2022-07-05 04:00:00+00:00,6727.704636794851,117711.3751081326,124439.07974492745,-0.011815809400917875
2022-07-06 04:00:00+00:00,19240.697942868403,105322.17460055945,124562.87254342785,0.0009948064446807182
2022-07-07 04:00:00+00:00,11824.239631048244,114680.55322619565,126504.7928572439,0.015589880629471009
2022-07-08 04:00:00+00:00,6389.301199586021,120016.37228391094,126405.67348349695,-0.0007835226753724386
2022-07-11 04:00:00+00:00,3115.8510965688533,121786.5185981662,124902.36969473505,-0.011892692371582237
2022-07-12 04:00:00+00:00,1443.4928166470165,123206.66114802752,124650.15396467454,-0.0020193030018320715
2022-07-13 04:00:00+00:00,1056.9235174931407,122219.11329393307,123276.03681142621,-0.011023790260521846
2022-07-14 04:00:00+00:00,6968.736615159736,115387.76307606323,122356.49969122297,-0.007459171660505638
2022-07-15 04:00:00+00:00,4306.524041589793,121226.45406923354,125532.97811082334,0.025960847422216948
2022-07-18 04:00:00+00:00,2210.6713574113064,113755.68969219565,115966.36104960696,-0.07620799892734767
2022-07-19 04:00:00+00:00,1386.3007327660732,118398.0805447477,119784.38127751378,0.03292351500340329
2022-07-20 04:00:00+00:00,1133.8272208299009,118736.31985018171,119870.14707101161,0.0007160014735070841
2022-07-21 04:00:00+00:00,12537.333986852289,108118.95905924679,120656.29304609908,0.006558313260613148
2022-07-22 04:00:00+00:00,7547.49307541402,112161.7915687363,119709.28464415032,-0.00784881068397263
2022-07-25 04:00:00+00:00,22525.393646874363,97780.89014412671,120306.28379100107,0.004987074717098173
2022-07-26 04:00:00+00:00,13486.745120963107,105755.74636711672,119242.49148807983,-0.008842366910520526
2022-07-27 04:00:00+00:00,7671.218749322138,113380.75053783285,121051.96928715499,0.015174773493021545
2022-07-28 04:00:00+00:00,4363.34681249657,118167.08370889442,122530.430521391,0.0122134422342924
2022-07-29 04:00:00+00:00,17427.179226476852,107428.06019918046,124855.23942565732,0.018973318663566285
2022-08-01 04:00:00+00:00,13796.41852326265,110999.40990833711,124795.82843159976,-0.00047583901429249415
2022-08-02 04:00:00+00:00,16140.603052300608,107106.0242510233,123246.6273033239,-0.012413885526029213
2022-08-03 04:00:00+00:00,8721.69171627775,115627.19482081008,124348.88653708783,0.008943524523808278
2022-08-04 04:00:00+00:00,7137.932209226591,116401.64680127756,123539.57901050415,-0.006508361667897206
2022-08-05 04:00:00+00:00,4110.037116974877,119585.3299717353,123695.36708871018,0.0012610377941532215
2022-08-08 04:00:00+00:00,6389.860152928581,117720.18921197556,124110.04936490415,0.003352447920677361
2022-08-09 04:00:00+00:00,2960.312499922088,121389.17664668901,124349.4891466111,0.0019292537786602768
2022-08-10 04:00:00+00:00,1375.6584001875458,124613.84856955518,125989.50696974272,0.013188778131593309
2022-08-11 04:00:00+00:00,998.8726150757636,124893.6221814209,125892.49479649666,-0.0007700020071462505
2022-08-12 04:00:00+00:00,5931.108645089681,122002.4875542088,127933.59619929848,0.016213050715225205
2022-08-15 04:00:00+00:00,3366.1114726169867,124587.98726468312,127954.09873730011,0.00016025921736532002
2022-08-16 04:00:00+00:00,8889.682131080766,119783.87958421494,128673.56171529571,0.0056228208794836315
2022-08-17 04:00:00+00:00,3912.530194392572,124090.50431111555,128003.03450550813,-0.005211072118071935
2022-08-18 04:00:00+00:00,1721.952893124313,126761.66679098515,128483.61968410946,0.0037544827000226865
2022-08-19 04:00:00+00:00,719.9253329382917,126654.3518386833,127374.2771716216,-0.00863411628046677
2022-08-22 04:00:00+00:00,908.2168313605872,124640.70590441758,125548.92273577818,-0.014330636266410124
2022-08-23 04:00:00+00:00,379.6857380137097,125176.59332412553,125556.27906213923,5.859330530885928e-05
2022-08-24 04:00:00+00:00,186.82021108066274,125457.78121258733,125644.60142366799,0.0007034483833743216
2022-08-25 04:00:00+00:00,82.16856980661694,127506.60095157207,127588.76952137868,0.015473550599719282
2022-08-26 04:00:00+00:00,36.10859156373156,123811.39097856064,123847.49957012438,-0.029322878222659086
2022-08-29 04:00:00+00:00,15.836366781517597,123935.492209892,123951.32857667352,0.0008383617506169833
2022-08-30 04:00:00+00:00,6.563319020863902,122261.051188656,122267.61450767686,-0.013583671012894016
2022-08-31 04:00:00+00:00,2.6860691826759355,121414.113850024,121416.79991920668,-0.006958625895304111
2022-09-01 04:00:00+00:00,1.064912180604282,121270.03270471691,121271.09761689752,-0.0012000176450550006
2022-09-02 04:00:00+00:00,4113.672477314755,116092.29781053445,120205.97028784921,-0.008783027035948065
2022-09-06 04:00:00+00:00,1810.4809760318642,118107.55699266748,119918.03796869934,-0.0023953246120835547
2022-09-07 04:00:00+00:00,796.7849733051667,120313.38323349475,121110.16820679992,0.009941208664635983
2022-09-08 04:00:00+00:00,333.0938121694815,121957.07411755303,122290.1679297225,0.009743192833385329
2022-09-09 04:00:00+00:00,139.21510843725926,123262.52632254979,123401.74143098705,0.009089639176089305
2022-09-12 04:00:00+00:00,55.23795584883876,124855.08799813337,124910.3259539822,0.012224985689029634
2022-09-13 04:00:00+00:00,21.881028417367467,120148.37407127317,120170.25509969053,-0.03794779028947489
2022-09-14 04:00:00+00:00,403.37092247731897,119864.75113083229,120268.1220533096,0.0008144024786989396
2022-09-15 04:00:00+00:00,177.47831300779717,120596.51350961722,120773.99182262502,0.004206183323384562
2022-09-16 04:00:00+00:00,74.14910376247616,119406.76703655334,119480.91614031582,-0.010706574013122565
2022-09-19 04:00:00+00:00,36.48123859201403,120257.92924766177,120294.41048625378,0.006808571378734719
2022-09-20 04:00:00+00:00,16.000378676658542,119365.43658665805,119381.43696533471,-0.007589492456288285
2022-09-21 04:00:00+00:00,6.986206030989646,117293.35309498585,117300.33930101684,-0.01743233887293692
2022-09-22 04:00:00+00:00,3.0188282537995224,116674.28172911817,116677.30055737197,-0.005311482876839936
2022-09-23 04:00:00+00:00,1.2726794894417877,113816.79947941305,113818.07215890249,-0.024505438374138207
2022-09-26 04:00:00+00:00,4663.490574310251,107843.40843384764,112506.8990081579,-0.01151990299848036
2022-09-27 04:00:00+00:00,3254.753049919708,109028.41355025524,112283.16660017494,-0.0019886105648217454
2022-09-28 04:00:00+00:00,1432.4476298122004,113108.06681055993,114540.51444037214,0.020104062866656613
2022-09-29 04:00:00+00:00,630.4024159942265,112502.6478751902,113133.05029118442,-0.012287915381420903
2022-09-30 04:00:00+00:00,1109.0529053456683,110805.5306593449,111914.58356469058,-0.010770210149533931
2022-10-03 04:00:00+00:00,4859.320677841145,110084.67621007416,114943.9968879153,0.02706897731048267
2022-10-04 04:00:00+00:00,17622.520466873913,100147.20995474623,117769.73042162014,0.02458356773916853
2022-10-05 04:00:00+00:00,11139.308060374862,106657.38645428246,117796.69451465733,0.00022895605637076675
2022-10-06 04:00:00+00:00,6019.191516014043,110920.28555045949,116939.47706647354,-0.007277092550989398
2022-10-07 04:00:00+00:00,3750.2896838447987,110718.07548750444,114468.36517134923,-0.02113154562611583
2022-10-10 04:00:00+00:00,2089.762188835435,111352.60030101016,113442.36248984559,-0.008963198521860628
2022-10-11 04:00:00+00:00,1095.470964669077,111861.6034705458,112957.07443521488,-0.004277838049028221
2022-10-12 04:00:00+00:00,604.8072046220751,112481.18802499783,113085.9952296199,0.0011413255437929166
2022-10-13 04:00:00+00:00,3040.195647263151,113241.07792565173,116281.27357291488,0.02825529665991798
2022-10-14 04:00:00+00:00,4187.4977812152465,110863.82109810482,115051.31887932007,-0.01057740989415261
2022-10-17 04:00:00+00:00,1939.9773274734657,115019.58725497927,116959.56458245273,0.016586039358090846
2022-10-18 04:00:00+00:00,898.7208116502286,117131.86155429507,118030.5823659453,0.009157162882027812
2022-10-19 04:00:00+00:00,12682.718113819512,105706.6177998241,118389.33591364362,0.0030394965483270097
2022-10-20 04:00:00+00:00,6553.164052953405,111841.7864440764,118394.9504970298,4.742473925418813e-05
2022-10-21 04:00:00+00:00,12690.444033737776,108163.76473449547,120854.20876823325,0.0207716482914121
2022-10-24 04:00:00+00:00,11778.808892804693,110079.70968416832,121858.51857697302,0.00831009378139052
2022-10-25 04:00:00+00:00,11199.189632785392,111056.82500325999,122256.01463604538,0.003261947245988241
2022-10-26 04:00:00+00:00,8384.97552719847,114373.50059440924,122758.47612160772,0.00410991219579796
2022-10-27 04:00:00+00:00,5462.603470239742,117113.31096016042,122575.91443040017,-0.001487161595478743
2022-10-28 04:00:00+00:00,8673.199167536544,115622.50721355807,124295.70638109461,0.01403042317641416
2022-10-31 04:00:00+00:00,7848.567729119501,116634.08279773258,124482.65052685209,0.0015040273811574424
2022-11-01 04:00:00+00:00,6235.305235277676,117709.37143769873,123944.6766729764,-0.004321677371093839
2022-11-02 04:00:00+00:00,5539.248956717373,117173.2156011717,122712.46455788908,-0.009941629993020803
2022-11-03 04:00:00+00:00,3316.512839718268,120017.32041208145,123333.83325179972,0.005063615144144652
2022-11-04 04:00:00+00:00,1792.0652048131901,122099.74898699716,123891.81419181035,0.004524151445706316
2022-11-07 05:00:00+00:00,919.8938198198435,124543.99693171633,125463.89075153618,0.012689107589399947
2022-11-08 05:00:00+00:00,3076.0646658011237,123357.210930742,126433.27559654313,0.0077264050971181915
2022-11-09 05:00:00+00:00,1560.606816837684,122193.8198858216,123754.42670265929,-0.02118784695915199
2022-11-10 05:00:00+00:00,722.9617810914435,125237.12238865934,125960.08416975079,0.017822857136181165
2022-11-11 05:00:00+00:00,3006.961672841642,121799.40568340626,124806.36735624791,-0.009159384269290137
2022-11-14 05:00:00+00:00,1841.0919387796073,121762.3129998291,123603.4049386087,-0.00963863016864731
2022-11-15 05:00:00+00:00,2028.263411140593,122160.33497014653,124188.59838128713,0.004734444354256114
2022-11-16 05:00:00+00:00,2182.236725991876,122553.16920376732,124735.4059297592,0.004403041467568969
2022-11-17 05:00:00+00:00,1790.2312759079614,123099.76049527482,124889.99177118279,0.0012393100440995447
2022-11-18 05:00:00+00:00,829.3447792088803,125910.0892798907,126739.43405909959,0.014808570820512613
2022-11-21 05:00:00+00:00,1249.5094113741372,124312.10951739145,125561.61892876559,-0.009293201749542087
2022-11-22 05:00:00+00:00,1510.8433371658318,125743.34358903393,127254.18692619976,0.013479979088151251
2022-11-23 05:00:00+00:00,1737.857779205553,126249.25329267344,127987.111071879,0.005759528730510781
2022-11-25 05:00:00+00:00,2934.6827365323293,125847.47837282966,128782.16110936199,0.006211953928989593
2022-11-28 05:00:00+00:00,1906.6346689011227,125318.71345617839,127225.34812507952,-0.012088731629223269
2022-11-29 05:00:00+00:00,1189.2583988072647,125640.50460113087,126829.76299993813,-0.00310932633292912
2022-11-30 05:00:00+00:00,497.1949324050375,128903.63769848754,129400.83263089258,0.020271816095372645
2022-12-01 05:00:00+00:00,784.1799386820076,127608.70197322988,128392.88191191189,-0.007789368109058491
2022-12-02 05:00:00+00:00,327.8233908673969,127854.73500877731,128182.55839964471,-0.0016381243970477672
2022-12-05 05:00:00+00:00,137.01143811568534,126861.98801502449,126998.99945314018,-0.009233385269269322
2022-12-06 05:00:00+00:00,54.362626443948166,126158.47607058822,126212.83869703217,-0.006190290943182413
2022-12-07 05:00:00+00:00,21.533335044377424,126479.4354856651,126500.96882070949,0.0022828907633474335
2022-12-08 05:00:00+00:00,8.493070435630672,127245.31062114633,127253.80369158197,0.005951218222996202
2022-12-09 05:00:00+00:00,3.142626085724879,125286.77988049708,125289.9225065828,-0.015432789653650842
2022-12-12 05:00:00+00:00,1.3530528735813399,127102.93940008729,127104.29245296087,0.014481371766214772
2022-12-13 05:00:00+00:00,0.44831473652019943,127058.81218561175,127059.26050034827,-0.00035429135982376325
2022-12-14 05:00:00+00:00,0.10690854114909526,126599.42565012025,126599.53255866139,-0.003618216727191042
2022-12-15 05:00:00+00:00,112.00308320593153,124383.03183024134,124495.03491344726,-0.016623265526189708
2022-12-16 05:00:00+00:00,44.428949792709055,123260.8336736958,123305.26262348851,-0.009556785062038171
2022-12-19 05:00:00+00:00,17.58753644357116,123297.31056894858,123314.89810539216,7.814331439422412e-05
2022-12-20 05:00:00+00:00,6.925742733638019,123529.23706066198,123536.16280339562,0.0017943062955325688
2022-12-21 05:00:00+00:00,2.6907256116048077,125029.45903333505,125032.14975894666,0.012109708781645254
2022-12-22 05:00:00+00:00,57.14399331816833,124153.56719288103,124210.7111861992,-0.006569818837244141
2022-12-23 05:00:00+00:00,22.63813379170304,125250.96834307292,125273.60647686462,0.008557195112360905
2022-12-27 05:00:00+00:00,8.931912317083112,125592.26881227139,125601.20072458847,0.002615030068479401
2022-12-28 05:00:00+00:00,9.234578419374868,124395.9126318416,124405.14721026097,-0.00952262802765832
2022-12-29 05:00:00+00:00,3.6078282049467822,125031.25713654204,125034.86496474699,0.005061830387304727
2022-12-30 05:00:00+00:00,1.3728024533880958,125026.18940836443,125027.56221081782,-5.840574092053581e-05
2023-01-03 05:00:00+00:00,0.48501822274614453,123384.45049246553,123384.93551068829,-0.013138116676703537
2023-01-04 05:00:00+00:00,0.1323776146337481,122229.76285763786,122229.8952352525,-0.009361274702256799
2023-01-05 05:00:00+00:00,72.56273024638821,120699.34091910908,120771.90364935546,-0.011928273219009787
2023-01-06 05:00:00+00:00,117.57147336875417,122106.72921287014,122224.30068623889,0.012025951342956896
2023-01-09 05:00:00+00:00,745.6620007824349,120822.66243810358,121568.32443888602,-0.005366987118517618
2023-01-10 05:00:00+00:00,267.24517874773113,121105.25421130963,121372.49939005736,-0.0016108229650487731
2023-01-11 05:00:00+00:00,112.49883080814507,122353.16200513339,122465.66083594154,0.00900666503019818
2023-01-12 05:00:00+00:00,47.521139201332595,122639.29419088378,122686.81533008511,0.0018058490244039606
2023-01-13 05:00:00+00:00,274.2716625141667,122301.28193187831,122575.55359439248,-0.0009068760599359316
2023-01-17 05:00:00+00:00,303.02927891193934,121318.3353821413,121621.36466105325,-0.0077844962177097896
2023-01-18 05:00:00+00:00,156.94676148115934,119125.43816408352,119282.38492556468,-0.01923165179084343
2023-01-19 05:00:00+00:00,62.28122232780911,119749.00719331524,119811.28841564305,0.004434045231476744
2023-01-20 05:00:00+00:00,24.678714711531303,120698.82328366772,120723.50199837924,0.007613753218073985
2023-01-23 05:00:00+00:00,12.264672070246505,120937.17915205704,120949.44382412729,0.0018715645421806622
2023-01-24 05:00:00+00:00,136.99143974621532,121570.03681264825,121707.02825239446,0.0062636454068261726
2023-01-25 05:00:00+00:00,93.1654888822702,121441.21542862407,121534.38091750634,-0.0014185486028801273
2023-01-26 05:00:00+00:00,37.109144421790894,122686.29906366671,122723.4082080885,0.009783464412339715
2023-01-27 05:00:00+00:00,1728.4475944484325,119612.9893463438,121341.43694079223,-0.011260861212011058
2023-01-30 05:00:00+00:00,1131.0603763066688,119394.15471984708,120525.21509615376,-0.006726653855572435
2023-01-31 05:00:00+00:00,449.3936083078514,122191.80925526252,122641.20286357036,0.01755639071648611
2023-02-01 05:00:00+00:00,178.4452972753286,122102.14861302417,122280.5939102995,-0.002940357276762927
2023-02-02 05:00:00+00:00,143.4711249544571,119137.56591818733,119281.0370431418,-0.024530113661028415
2023-02-03 05:00:00+00:00,221.5231460116679,118784.15314418942,119005.67629020108,-0.002308504015111164
2023-02-06 05:00:00+00:00,83.53029255271134,119063.72116301452,119147.25145556722,0.0011896505257522748
2023-02-07 05:00:00+00:00,31.458192175847323,120427.91348574076,120459.37167791661,0.011012593293758937
2023-02-08 05:00:00+00:00,11.808597507057542,120457.71325457879,120469.52185208585,8.42622207624751e-05
2023-02-09 05:00:00+00:00,4.393752170431146,120660.18855566489,120664.58230783533,0.0016191685062797766
2023-02-10 05:00:00+00:00,975.8927194036553,121685.97121029785,122661.8639297015,0.01655234355985901
2023-02-13 05:00:00+00:00,1121.8401882772266,122033.064205629,123154.90439390622,0.004019508985182933
2023-02-14 05:00:00+00:00,445.8147145615526,122265.70357027145,122711.518284833,-0.003600231036313998
2023-02-15 05:00:00+00:00,177.02370943505812,122134.24777114253,122311.27148057759,-0.0032616889583777574
2023-02-16 05:00:00+00:00,70.25607352603816,120858.23507094117,120928.4911444672,-0.011305420337568525
2023-02-17 05:00:00+00:00,27.846439795041565,121763.86822120534,121791.71466100038,0.007138297256201853
2023-02-21 05:00:00+00:00,10.445689734695021,120814.081139899,120824.5268296337,-0.00794132699468752
2023-02-22 05:00:00+00:00,5.537889281487176,120128.56913715019,120134.10702643168,-0.005714235522523787
2023-02-23 05:00:00+00:00,10143.508693798616,110255.35347238547,120398.86216618409,0.002203829922289734
2023-02-24 05:00:00+00:00,4090.171813468343,116060.38498498278,120150.55679845113,-0.0020623564314937474
2023-02-27 05:00:00+00:00,2842.6365639016894,117178.05417865323,120020.69074255491,-0.001080861040985944
2023-02-28 05:00:00+00:00,2576.4125466359396,116605.11591266615,119181.52845930209,-0.006991813478667864
2023-03-01 05:00:00+00:00,1088.192489868543,117820.0536167615,118908.24610663005,-0.002292992514904403
2023-03-02 05:00:00+00:00,455.33133579531716,118847.24136668396,119302.57270247927,0.003316225819154857
2023-03-03 05:00:00+00:00,190.32510279205573,120317.0636335845,120507.38873637655,0.010098826928920397
2023-03-06 05:00:00+00:00,4601.496312355953,116087.2089918134,120688.70530416936,0.001504609548792522
2023-03-07 05:00:00+00:00,1923.9209926656013,116802.5011809757,118726.4221736413,-0.01625904533139661
2023-03-08 05:00:00+00:00,804.3723024220754,117189.21195190896,117993.58425433104,-0.006172492237982709
2023-03-09 05:00:00+00:00,319.44791732509856,115804.37031693535,116123.81823426046,-0.015846336323171364
2023-03-10 05:00:00+00:00,129.08283219203,115075.34980812519,115204.43264031722,-0.007917286978012835
2023-03-13 04:00:00+00:00,48.64760711337662,115015.60583531288,115064.25344242626,-0.0012167864957819605
2023-03-14 04:00:00+00:00,249.02841018784164,115887.27769659467,116136.3061067825,0.00931699143985375
2023-03-15 04:00:00+00:00,93.90950307827588,115227.80884562527,115321.71834870355,-0.0070140663620726264
2023-03-16 04:00:00+00:00,54.090392535289375,116335.5995968944,116389.6899894297,0.009260802353784474
2023-03-17 04:00:00+00:00,280.3555044557354,115067.21494936613,115347.57045382186,-0.008953710038255814
2023-03-20 04:00:00+00:00,851.8536002734388,116119.5658092594,116971.41940953283,0.014077877404111096
2023-03-21 04:00:00+00:00,476.7220736252218,117668.14260299731,118144.86467662253,0.010031897304599764
2023-03-22 04:00:00+00:00,232.1995830850235,116426.34345693892,116658.54304002394,-0.012580501409577446
2023-03-23 04:00:00+00:00,333.4094721045061,116072.9218698906,116406.33134199512,-0.002161965094509162
2023-03-24 04:00:00+00:00,25554.082995228,91606.59011744925,117160.67311267725,0.006480246924593146
2023-03-27 04:00:00+00:00,11248.929886470565,106780.61246056578,118029.54234703635,0.007416048502243373
2023-03-28 04:00:00+00:00,6551.340873464872,110567.24195961615,117118.58283308102,-0.007718063595272436
2023-03-29 04:00:00+00:00,2739.190654181753,114452.71796182435,117191.90861600611,0.000626081541898429
2023-03-30 04:00:00+00:00,2448.68437879168,115367.41451284234,117816.09889163401,0.005326223311825551
2023-03-31 04:00:00+00:00,1329.7118563971367,117588.6346826745,118918.34653907163,0.009355662407829781
2023-04-03 04:00:00+00:00,682.3766753482162,120785.04470199741,121467.42137734563,0.021435505222371035
2023-04-04 04:00:00+00:00,477.5067093420061,120341.1117189411,120818.61842828311,-0.005341374186638698
2023-04-05 04:00:00+00:00,180.2406321638708,122163.50681831836,122343.74745048223,0.012623294671296258
2023-04-06 04:00:00+00:00,67.95218723053142,122968.2765501219,123036.22873735243,0.005660128133237673
2023-04-10 04:00:00+00:00,143.25505734543188,123294.77605256654,123438.03110991197,0.0032657240609778094
2023-04-11 04:00:00+00:00,53.99554733095434,123998.33237971601,124052.32792704696,0.004976560397241021
2023-04-12 04:00:00+00:00,20.31314966645487,124116.83857074473,124137.15172041119,0.0006837742973602761
2023-04-13 04:00:00+00:00,7.602975565729157,125336.53155092991,125344.13452649565,0.009722978088001369
2023-04-14 04:00:00+00:00,160.08859218551433,123899.27841599021,124059.36700817572,-0.010249921331965903
2023-04-17 04:00:00+00:00,108.52999512126034,123681.90669858071,123790.43669370198,-0.002167755010840996
2023-04-18 04:00:00+00:00,4249.043777184037,119343.5747783958,123592.61855557984,-0.0015980082420389496
2023-04-19 04:00:00+00:00,2872.1635243416235,119259.36313688474,122131.52666122637,-0.011821837836508189
2023-04-20 04:00:00+00:00,1200.8517876355356,120909.96719865646,122110.818986292,-0.00016955224830529246
2023-04-21 04:00:00+00:00,839.5399910766431,120905.74429142037,121745.28428249701,-0.0029934669739297847
2023-04-24 04:00:00+00:00,333.4170268057734,122176.7990107476,122510.21603755339,0.006283050383137871
2023-04-25 04:00:00+00:00,125.75385157202334,122038.94310971146,122164.69696128348,-0.002820328683152374
2023-04-26 04:00:00+00:00,47.3914042836469,121002.75286080675,121050.14426509039,-0.009123361526827288
2023-04-27 04:00:00+00:00,17.821052495894897,121945.38671954883,121963.20777204473,0.007542853521552168
2023-04-28 04:00:00+00:00,503.28701790526657,122187.65435392995,122690.94137183522,0.00596682895673471
2023-05-01 04:00:00+00:00,474.98780315974545,123059.07200701025,123534.05981017,0.006871888249512866
2023-05-02 04:00:00+00:00,1094.2178322429436,121439.57091897671,122533.78875121965,-0.008097127711073631
2023-05-03 04:00:00+00:00,533.4365714485089,120673.6257606511,121207.06233209961,-0.010827433254460858
2023-05-04 04:00:00+00:00,201.2319473204314,119933.20376302724,120134.43571034767,-0.00884953897168975
2023-05-05 04:00:00+00:00,75.87333562681356,121806.91453712452,121882.78787275135,0.014553297329494074
2023-05-08 04:00:00+00:00,134.18943185716282,121544.7794265294,121678.96885838656,-0.001672254285630329
2023-05-09 04:00:00+00:00,68.41907977040646,121177.4867928756,121245.905872646,-0.003559061929959066
2023-05-10 04:00:00+00:00,23.234969238374713,121340.31873316843,121363.5537024068,0.0009703241434343521
2023-05-11 04:00:00+00:00,7.846995073204034,121098.1256024811,121105.97259755431,-0.0021223925716949716
2023-05-12 04:00:00+00:00,531.182932715965,120655.12143039808,121186.30436311405,0.0006633179506900475
2023-05-15 04:00:00+00:00,180.8345795848683,120813.55419052509,120994.38877010996,-0.0015836409403907946
2023-05-16 04:00:00+00:00,58.438405941420164,119783.5147469417,119841.95315288311,-0.009524702996074302
2023-05-17 04:00:00+00:00,22.891543476624445,121245.20299868354,121268.09454216016,0.011900184799706271
2023-05-18 04:00:00+00:00,12.175300119188325,121119.7414448523,121131.91674497149,-0.0011229482717841591
2023-05-19 04:00:00+00:00,522.9242924131125,120579.59401328203,121102.51830569514,-0.00024269771391669735
2023-05-22 04:00:00+00:00,187.31037445763366,120811.56407439108,120998.87444884871,-0.0008558356861316215
2023-05-23 04:00:00+00:00,645.7166284238874,119348.10358603005,119993.82021445394,-0.00830631060803506
2023-05-24 04:00:00+00:00,276.74214787175595,119440.70854102794,119717.4506888997,-0.0023031979901990854
2023-05-25 04:00:00+00:00,101.84240394004986,120224.13779703213,120325.98020097219,0.005083047697480871
2023-05-26 04:00:00+00:00,2174.444604381612,119056.2552786361,121230.69988301772,0.0075189055641552835
2023-05-30 04:00:00+00:00,1846.247983794659,119137.27125421415,120983.51923800881,-0.0020389278066316914
2023-05-31 04:00:00+00:00,852.1179610009704,120536.31333416692,121388.43129516789,0.0033468364923531367
2023-06-01 04:00:00+00:00,324.67710497765603,121566.9999482852,121891.67705326286,0.004145747273653112
2023-06-02 04:00:00+00:00,443.4309857331695,123363.07963926569,123806.51062499886,0.01570930532770732
2023-06-05 04:00:00+00:00,365.05489014156785,123127.97551372438,123493.03040386595,-0.002532017254588632
2023-06-06 04:00:00+00:00,297.7138190024552,122055.68777874483,122353.40159774729,-0.009228284401084615
2023-06-07 04:00:00+00:00,162.11454900285364,122157.21688194387,122319.33143094672,-0.0002784570461929137
2023-06-08 04:00:00+00:00,61.112244449867,123601.18979877605,123662.3020432259,0.010979218056283557
2023-06-09 04:00:00+00:00,22.998660962429206,124030.41031174175,124053.40897270419,0.0031627013488845497
2023-06-12 04:00:00+00:00,8.616362927914336,124264.4400108776,124273.05637380552,0.001770587385870741
2023-06-13 04:00:00+00:00,90.23636886084554,124676.7146962562,124766.95106511704,0.003974270092995197
2023-06-14 04:00:00+00:00,33.98875422959844,121289.17694587873,121323.16570010834,-0.027601743375225717
2023-06-15 04:00:00+00:00,854.9766434933894,121652.20700159011,122507.1836450835,0.00975920746992264
2023-06-16 04:00:00+00:00,1787.9065241267378,120059.18044790124,121847.08697202797,-0.005388228293353751
2023-06-20 04:00:00+00:00,674.610703235858,121563.13803482076,122237.74873805662,0.003206164182803367
2023-06-21 04:00:00+00:00,266.7359023388217,122396.06337726978,122662.7992796086,0.0034772445168540253
2023-06-22 04:00:00+00:00,95.55691458164819,122597.00460452367,122692.56151910532,0.00024263460210846544
2023-06-23 04:00:00+00:00,1038.8425971525007,120879.64904490262,121918.49164205512,-0.006309020428509596
2023-06-26 04:00:00+00:00,463.9700392121157,121323.48341160614,121787.45345081826,-0.001074801611076201
2023-06-27 04:00:00+00:00,166.2625760691237,122272.46083687627,122438.7234129454,0.005347594876759205
2023-06-28 04:00:00+00:00,65.30563510990795,121478.73242706343,121544.03806217333,-0.007307209074326818
2023-06-29 04:00:00+00:00,182.33992619277973,122500.14374793514,122682.48367412793,0.009366527804286423
2023-06-30 04:00:00+00:00,207.4738615709605,123615.28314520541,123822.75700677637,0.009294508054444556
2023-07-03 04:00:00+00:00,1001.4392862162181,122635.11761897935,123636.55690519557,-0.001503763169888193
2023-07-05 04:00:00+00:00,358.93773484761385,122340.07936332928,122699.01709817689,-0.007583030702946405
2023-07-06 04:00:00+00:00,757.4655967015935,121102.07009421197,121859.53569091357,-0.006841794067442367
2023-07-07 04:00:00+00:00,271.47660171854847,120500.0417420391,120771.51834375765,-0.008928454724426235
2023-07-10 04:00:00+00:00,258.91909809374437,120682.98706154095,120941.90615963469,0.001410827802893524
2023-07-11 04:00:00+00:00,94.12378418500062,121380.28971065489,121474.41349483989,0.004403001011926561
2023-07-12 04:00:00+00:00,336.126599564864,120510.68075697328,120846.80735653813,-0.005166570640231257
2023-07-13 04:00:00+00:00,138.70012937090897,120620.34964395047,120759.04977332137,-0.0007261886775200446
2023-07-14 04:00:00+00:00,341.8964649145886,123899.68794557829,124241.58441049288,0.028838705204360514
2023-07-17 04:00:00+00:00,116.52866936790198,124856.40000563457,124972.92867500248,0.005886469236364849
2023-07-18 04:00:00+00:00,1039.6063194857609,126342.50796169821,127382.11428118397,0.01927765982380618
2023-07-19 04:00:00+00:00,1113.573081563078,126660.63469396785,127774.20777553093,0.0030780890752170487
2023-07-20 04:00:00+00:00,822.5019705015867,128550.17360650522,129372.67557700681,0.012510097533017092
2023-07-21 04:00:00+00:00,611.4599167430799,129164.94459264437,129776.40450938746,0.003120666172976647
2023-07-24 04:00:00+00:00,197.76014782771517,130426.43188772183,130624.19203554955,0.006532678489337933
2023-07-25 04:00:00+00:00,545.9282928311444,130209.96365734929,130755.89195018043,0.0010082352478401435
2023-07-26 04:00:00+00:00,318.66530707942223,130828.63500729384,131147.30031437325,0.0029934281228561907
2023-07-27 04:00:00+00:00,127.47591441197204,131069.61126706134,131197.0871814733,0.00037962555828982244
2023-07-28 04:00:00+00:00,43.34746088733458,131699.91227059893,131743.25973148627,0.00416299295774377
2023-07-31 04:00:00+00:00,1719.2823191575153,130105.99349632757,131825.2758154851,0.0006225448206306742
2023-08-01 04:00:00+00:00,585.4556388233144,130978.93862761027,131564.39426643358,-0.001978994903956661
2023-08-02 04:00:00+00:00,352.8847496918962,130489.05401254598,130841.93876223787,-0.005491269185891191
2023-08-03 04:00:00+00:00,120.11306040997542,130772.93402315656,130893.04708356653,0.00039061115886959247
2023-08-04 04:00:00+00:00,40.83995535429265,130231.36886313527,130272.20881848957,-0.004743095824490964
2023-08-07 04:00:00+00:00,48.20417359217854,132176.67247386047,132224.87664745265,0.014989135800128825
2023-08-08 04:00:00+00:00,25.049764805653858,131167.77098590808,131192.82075071373,-0.007805308069907776
2023-08-09 04:00:00+00:00,8.465044802977076,130331.6803786095,130340.14542341247,-0.006499405397506246
2023-08-10 04:00:00+00:00,2.8169255873324412,130447.62618302548,130450.44310861282,0.0008462295698845843
2023-08-11 04:00:00+00:00,0.8933929217833512,131103.40209080852,131104.2954837303,0.005012266417317444
2023-08-14 04:00:00+00:00,0.23831150898564035,131441.02523156733,131441.26354307632,0.002570228977645042
2023-08-15 04:00:00+00:00,0.015215917692135938,130155.45465528469,130155.46987120238,-0.009782268042885577
2023-08-16 04:00:00+00:00,0.003982365717152684,129288.3422944778,129288.34627684351,-0.006662214006195408
2023-08-17 04:00:00+00:00,0.003982365717152684,127791.6345085481,127791.63849091381,-0.011576509631616891
2023-08-18 04:00:00+00:00,0.003982365717152684,128189.4678657537,128189.47184811941,0.0031131407492978225
2023-08-21 04:00:00+00:00,0.003982365717152684,127965.0252097226,127965.02919208832,-0.0017508665321362689
2023-08-22 04:00:00+00:00,0.003982365717152684,126812.85199423648,126812.8559766022,-0.009003813172711402
2023-08-23 04:00:00+00:00,0.003982365717152684,126694.94454326684,126694.94852563256,-0.0009297752192521495
2023-08-24 04:00:00+00:00,0.003982365717152684,125992.27329388379,125992.2772762495,-0.005546166264402357
2023-08-25 04:00:00+00:00,0.003982365717152684,126441.48435030208,126441.4883326678,0.003565385642116452
2023-08-28 04:00:00+00:00,0.003982365717152684,127102.64092041577,127102.64490278148,0.005228952765679109
2023-08-29 04:00:00+00:00,701.0841817177197,127238.04820356808,127939.13238528579,0.006581196505738509
2023-08-30 04:00:00+00:00,332.3526778217351,127456.7980868601,127789.15076468184,-0.0011722888674302388
2023-08-31 04:00:00+00:00,124.95660868395379,125731.40299027017,125856.35959895412,-0.01512484553001581
2023-09-01 04:00:00+00:00,288.8986050866216,125703.56591767856,125992.46452276518,0.001081430642398688
2023-09-05 04:00:00+00:00,108.95466475711534,125661.2490279452,125770.20369270231,-0.0017640803432550042
2023-09-06 04:00:00+00:00,38.994562088408834,124785.12257655321,124824.11713864162,-0.007522342544441517
2023-09-07 04:00:00+00:00,1198.7123250482105,124871.24022554157,126069.95255058978,0.009980726805897676
2023-09-08 04:00:00+00:00,452.27614962067037,125322.94157862125,125775.21772824191,-0.002337867321950406
2023-09-11 04:00:00+00:00,162.0704812723907,125769.07751161809,125931.14799289047,0.0012397534861396339
2023-09-12 04:00:00+00:00,69.64748665108961,126212.76517532252,126282.4126619736,0.0027893390529796684
2023-09-13 04:00:00+00:00,26.21946535557194,126486.0025879094,126512.22205326498,0.00181980520047964
2023-09-14 04:00:00+00:00,105.95403863730267,127806.00028100258,127911.95431963987,0.011064008233019324
2023-09-15 04:00:00+00:00,39.919873543204865,127477.57077252933,127517.49064607253,-0.0030838687100473326
2023-09-18 04:00:00+00:00,1775.7212936425599,125964.67367075378,127740.39496439634,0.0017480293659674156
2023-09-19 04:00:00+00:00,7008.94895237028,120051.17436641031,127060.12331878059,-0.005325423064531427
2023-09-20 04:00:00+00:00,2967.3919477679674,124504.75156931936,127472.14351708733,0.003242718388309938
2023-09-21 04:00:00+00:00,1240.6687279609523,126239.43962416118,127480.10835212213,6.248294580323029e-05
2023-09-22 04:00:00+00:00,492.7511046412804,127355.98210001278,127848.73320465407,0.0028916264450743415
2023-09-25 04:00:00+00:00,195.6675156314663,128620.35888615611,128816.02640178757,0.0075659192929593555
2023-09-26 04:00:00+00:00,77.66166029781154,127354.02991762321,127431.69157792102,-0.010746603994356242
2023-09-27 04:00:00+00:00,71.98653675590906,127124.18601097542,127196.17254773133,-0.0018481982564414214
2023-09-28 04:00:00+00:00,28.53380456751173,127968.33366138021,127996.86746594773,0.006294960785207027
2023-09-29 04:00:00+00:00,118.3841407521567,126601.62101761013,126720.00515836228,-0.009975730913298621
2023-10-02 04:00:00+00:00,46.96359721697555,127496.31125272067,127543.27484993765,0.006496761821833263
2023-10-03 04:00:00+00:00,18.705371065327675,126262.78427470874,126281.48964577407,-0.009892996754616377
2023-10-04 04:00:00+00:00,6.996274518514632,126708.24711100255,126715.24338552107,0.003434816464104926
2023-10-05 04:00:00+00:00,4.3020832448403095,126936.89815900396,126941.2002422488,0.0017831860689425918
2023-10-06 04:00:00+00:00,6.64411858133972,128474.00501386347,128480.64913244481,0.012127259607268561
2023-10-09 04:00:00+00:00,2.4449174425938507,128895.30938087546,128897.75429831806,0.0032464434814870225
2023-10-10 04:00:00+00:00,0.8603337651177316,129149.32746137129,129150.1877951364,0.001958401045794118
2023-10-11 04:00:00+00:00,0.26238540590347187,129221.47340765987,129221.73579306577,0.0005539906611894876
2023-10-12 04:00:00+00:00,95.3478890100671,128938.73944121774,129034.0873302278,-0.001452143183856217
2023-10-13 04:00:00+00:00,932.7136461349106,129400.14652812154,130332.86017425645,0.010065346846719558
2023-10-16 04:00:00+00:00,422.88361494965187,130097.79623319063,130520.67984814028,0.0014410768982796327
2023-10-17 04:00:00+00:00,159.51439091465855,130296.33657718348,130455.85096809814,-0.0004966943178473414
2023-10-18 04:00:00+00:00,60.13106542812524,129631.28574971382,129691.41681514194,-0.0058597153541478895
2023-10-19 04:00:00+00:00,41.010142761923035,128414.14619437304,128455.15633713496,-0.009532323020027671
2023-10-20 04:00:00+00:00,944.7612055768292,126535.73859834082,127480.49980391764,-0.007587523623102369
2023-10-23 04:00:00+00:00,563.4046856007017,126108.51770551769,126671.9223911184,-0.00634275370776668
2023-10-24 04:00:00+00:00,235.51276804094257,127188.19368858414,127423.70645662509,0.005934891105429445
2023-10-25 04:00:00+00:00,93.48876507743736,127052.83685326336,127146.3256183408,-0.002176838564798131
2023-10-26 04:00:00+00:00,79.15819706461228,126677.36095083308,126756.51914789769,-0.003065809952016988
2023-10-27 04:00:00+00:00,31.382490729247134,125072.65362060365,125104.0361113329,-0.013036670994702059
2023-10-30 04:00:00+00:00,9572.86763740911,117190.45583543682,126763.32347284594,0.013263260028128911
2023-10-31 04:00:00+00:00,3802.4198157160426,123786.33245888882,127588.75227460486,0.0065115743193317555
2023-11-01 04:00:00+00:00,1581.4174890248464,126231.3896335862,127812.80712261103,0.0017560705313893522
2023-11-02 04:00:00+00:00,628.1013915327572,128775.68327427903,129403.78466581179,0.012447716148464932
2023-11-03 04:00:00+00:00,249.43058759218872,129282.19589789273,129531.62648548491,0.0009879295261979871
2023-11-06 05:00:00+00:00,110.10224725871066,129689.91765903796,129800.01990629667,0.002072030036941077
2023-11-07 05:00:00+00:00,43.67391053743283,130158.40851208684,130202.08242262427,0.003097553579867316
2023-11-08 05:00:00+00:00,16.418242838358545,130074.43142470585,130090.84966754421,-0.00085430857180151
2023-11-09 05:00:00+00:00,1827.5070782148794,128219.9842749584,130047.49135317329,-0.0003332925757786247
2023-11-10 05:00:00+00:00,725.8516999825392,130707.63890951389,131433.49060949642,0.010657639312388901
2023-11-13 05:00:00+00:00,2164.387656036629,129843.24734402879,132007.6350000654,0.004368326428115862
2023-11-14 05:00:00+00:00,3411.87266344651,129422.53302620644,132834.40568965295,0.006263052054429547
2023-11-15 05:00:00+00:00,2153.6123516448665,130619.90512594066,132773.51747758553,-0.00045837681699483954
2023-11-16 05:00:00+00:00,900.4109304354345,131709.85681820728,132610.2677486427,-0.0012295353173148644
2023-11-17 05:00:00+00:00,650.8536694858386,131736.8984999569,132387.75216944274,-0.0016779664424005274
2023-11-20 05:00:00+00:00,245.5397122640591,132473.95802465084,132719.4977369149,0.002505862982306373
2023-11-21 05:00:00+00:00,1172.429976701433,131894.6049225703,133067.03489927173,0.002618584068527337
2023-11-22 05:00:00+00:00,3064.168239259246,130728.21977152009,133792.38801077934,0.005451035352645208
2023-11-24 05:00:00+00:00,1672.8930499628314,132571.7156779401,134244.60872790293,0.0033800182794192957
2023-11-27 05:00:00+00:00,1679.9994706717766,132077.6216757441,133757.62114641588,-0.003627613697873779
2023-11-28 05:00:00+00:00,702.3837538788458,133052.94094027154,133755.3246941504,-1.7168758279432594e-05
2023-11-29 05:00:00+00:00,6109.819261996323,126978.86047070386,133088.67973270017,-0.004984062974499098
2023-11-30 05:00:00+00:00,2801.5677972136295,132806.6739142656,135608.2417114792,0.01893145220043815
2023-12-01 05:00:00+00:00,1580.7490186254975,133619.80595739224,135200.55497601774,-0.0030063566219585857
2023-12-04 05:00:00+00:00,735.8788883882386,134447.94651446032,135183.82540284857,-0.00012373893858747635
2023-12-05 05:00:00+00:00,304.83223256209743,134583.33973135782,134888.17196391991,-0.002187047437425332
2023-12-06 05:00:00+00:00,121.02344893309655,134414.59415546976,134535.61760440285,-0.0026136788302784765
2023-12-07 05:00:00+00:00,71.2187538457314,134615.26750108565,134686.48625493137,0.0011214030396927215
2023-12-08 05:00:00+00:00,29.232568146277202,135568.24906881942,135597.4816369657,0.0067638217267768485
2023-12-11 05:00:00+00:00,1161.0709380856774,133914.71278678562,135075.7837248713,-0.0038474011891397415
2023-12-12 05:00:00+00:00,1975.7720564123788,134020.17153064784,135995.94358706023,0.006812174890379814
2023-12-13 05:00:00+00:00,2288.1263021780537,134848.05842892692,137136.18473110496,0.008384376136298407
2023-12-14 05:00:00+00:00,2796.351755097476,133813.3150904374,136609.66684553487,-0.0038393797129655047
2023-12-15 05:00:00+00:00,4711.695440297992,131419.60879979684,136131.30424009485,-0.0035016746361068983
2023-12-18 05:00:00+00:00,3072.4441591921764,133052.7710908101,136125.21525000228,-4.472880155345761e-05
2023-12-19 05:00:00+00:00,7595.783533288913,128869.02191017556,136464.8054434645,0.002494689854767397
2023-12-20 05:00:00+00:00,4973.438272446364,129683.27024125168,134656.70851369805,-0.013249547558366699
2023-12-21 05:00:00+00:00,1975.4606152156477,133644.81573987566,135620.2763550913,0.007155735885934285
2023-12-22 05:00:00+00:00,828.3054723641873,134940.69035141912,135768.9958237833,0.0010965872706423991
2023-12-26 05:00:00+00:00,328.95451511219926,135754.5590316855,136083.51354679768,0.0023165651414450467
2023-12-27 05:00:00+00:00,418.27931117160404,136219.45709911035,136637.73641028197,0.004072667210298763
2023-12-28 05:00:00+00:00,1145.5107601453424,135768.1616890675,136913.67244921284,0.0020194716787631673
2023-12-29 05:00:00+00:00,1075.651002983771,135936.74021446658,137012.39121745035,0.0007210292914619388
